cnae,description,segment,fit,note
1011201,FRIGORÍFICO - ABATE DE BOVINOS,Alimentos,compatible,
1011202,FRIGORÍFICO - ABATE DE EQÜINOS,Alimentos,compatible,
1011203,FRIGORÍFICO - ABATE DE OVINOS E CAPRINOS,Alimentos,compatible,
1011204,FRIGORÍFICO - ABATE DE BUFALINOS,Alimentos,compatible,
1011205,MATADOURO - ABATE DE RESES SOB CONTRATO - EXCETO ABATE DE SUÍNOS,Alimentos,compatible,
1012101,ABATE DE AVES,Alimentos,compatible,
1012102,ABATE DE PEQUENOS ANIMAIS,Alimentos,compatible,
1012103,FRIGORÍFICO - ABATE DE SUÍNOS,Alimentos,compatible,
1012104,MATADOURO - ABATE DE SUÍNOS SOB CONTRATO,Alimentos,compatible,
1013901,FABRICAÇÃO DE PRODUTOS DE CARNE,Alimentos,compatible,
1013902,PREPARAÇÃO DE SUBPRODUTOS DO ABATE,Alimentos,check,"abattoir by-products, not food for the table"
1020101,"PRESERVAÇÃO DE PEIXES, CRUSTÁCEOS E MOLUSCOS",Alimentos,compatible,
1020102,"FABRICAÇÃO DE CONSERVAS DE PEIXES, CRUSTÁCEOS E MOLUSCOS",Alimentos,compatible,
1031700,FABRICAÇÃO DE CONSERVAS DE FRUTAS,Alimentos,compatible,
1032501,FABRICAÇÃO DE CONSERVAS DE PALMITO,Alimentos,compatible,
1032599,"FABRICAÇÃO DE CONSERVAS DE LEGUMES E OUTROS VEGETAIS, EXCETO PALMITO",Alimentos,compatible,
1033301,"FABRICAÇÃO DE SUCOS CONCENTRADOS DE FRUTAS, HORTALIÇAS E LEGUMES",Alimentos,compatible,
1033302,"FABRICAÇÃO DE SUCOS DE FRUTAS, HORTALIÇAS E LEGUMES, EXCETO CONCENTRADOS",Alimentos,compatible,
1041400,"FABRICAÇÃO DE ÓLEOS VEGETAIS EM BRUTO, EXCETO ÓLEO DE MILHO",Alimentos,check,"crude vegetable oil, an industrial input"
1042200,"FABRICAÇÃO DE ÓLEOS VEGETAIS REFINADOS, EXCETO ÓLEO DE MILHO",Alimentos,compatible,
1043100,FABRICAÇÃO DE MARGARINA E OUTRAS GORDURAS VEGETAIS E DE ÓLEOS NÃO COMESTÍVEIS DE ANIMAIS,Alimentos,compatible,
1051100,PREPARAÇÃO DO LEITE,Alimentos,compatible,
1052000,FABRICAÇÃO DE LATICÍNIOS,Alimentos,compatible,
1053800,FABRICAÇÃO DE SORVETES E OUTROS GELADOS COMESTÍVEIS,Alimentos,check,ice cream only
1061901,BENEFICIAMENTO DE ARROZ,Alimentos,compatible,
1061902,FABRICAÇÃO DE PRODUTOS DO ARROZ,Alimentos,compatible,
1062700,MOAGEM DE TRIGO E FABRICAÇÃO DE DERIVADOS,Alimentos,compatible,
1063500,FABRICAÇÃO DE FARINHA DE MANDIOCA E DERIVADOS,Alimentos,compatible,
1064300,"FABRICAÇÃO DE FARINHA DE MILHO E DERIVADOS, EXCETO ÓLEOS DE MILHO",Alimentos,compatible,
1065101,FABRICAÇÃO DE AMIDOS E FÉCULAS DE VEGETAIS,Alimentos,compatible,
1065102,FABRICAÇÃO DE ÓLEO DE MILHO EM BRUTO,Alimentos,check,"crude corn oil, an industrial input"
1065103,FABRICAÇÃO DE ÓLEO DE MILHO REFINADO,Alimentos,compatible,
1066000,FABRICAÇÃO DE ALIMENTOS PARA ANIMAIS,Alimentos,check,"animal feed, not human food"
1069400,MOAGEM E FABRICAÇÃO DE PRODUTOS DE ORIGEM VEGETAL NÃO ESPECIFICADOS ANTERIORMENTE,Alimentos,compatible,
1071600,FABRICAÇÃO DE AÇÚCAR EM BRUTO,Alimentos,check,"raw sugar, an industrial input"
1072401,FABRICAÇÃO DE AÇÚCAR DE CANA REFINADO,Alimentos,compatible,
1072402,FABRICAÇÃO DE AÇÚCAR DE CEREAIS (DEXTROSE) E DE BETERRABA,Alimentos,compatible,
1081301,BENEFICIAMENTO DE CAFÉ,Alimentos,check,"green coffee processing, not the roasted coffee tenders buy"
1081302,TORREFAÇÃO E MOAGEM DE CAFÉ,Alimentos,compatible,
1082100,FABRICAÇÃO DE PRODUTOS À BASE DE CAFÉ,Alimentos,compatible,
1091101,FABRICAÇÃO DE PRODUTOS DE PANIFICAÇÃO INDUSTRIAL,Alimentos,compatible,
1091102,FABRICAÇÃO DE PRODUTOS DE PADARIA E CONFEITARIA COM PREDOMINÂNCIA DE PRODUÇÃO PRÓPRIA,Alimentos,compatible,
1092900,FABRICAÇÃO DE BISCOITOS E BOLACHAS,Alimentos,compatible,
1093701,FABRICAÇÃO DE PRODUTOS DERIVADOS DO CACAU E DE CHOCOLATES,Alimentos,check,confectionery only
1093702,"FABRICAÇÃO DE FRUTAS CRISTALIZADAS, BALAS E SEMELHANTES",Alimentos,check,confectionery only
1094500,FABRICAÇÃO DE MASSAS ALIMENTÍCIAS,Alimentos,compatible,
1095300,"FABRICAÇÃO DE ESPECIARIAS, MOLHOS, TEMPEROS E CONDIMENTOS",Alimentos,compatible,
1096100,FABRICAÇÃO DE ALIMENTOS E PRATOS PRONTOS,Alimentos,compatible,
1099601,FABRICAÇÃO DE VINAGRES,Alimentos,compatible,
1099602,FABRICAÇÃO DE PÓS ALIMENTÍCIOS,Alimentos,compatible,
1099603,FABRICAÇÃO DE FERMENTOS E LEVEDURAS,Alimentos,check,"yeast and ferments, an industrial input"
1099604,FABRICAÇÃO DE GELO COMUM,Alimentos,check,ice
1099605,"FABRICAÇÃO DE PRODUTOS PARA INFUSÃO (CHÁ, MATE, ETC.)",Alimentos,compatible,
1099606,FABRICAÇÃO DE ADOÇANTES NATURAIS E ARTIFICIAIS,Alimentos,compatible,
1099607,FABRICAÇÃO DE ALIMENTOS DIETÉTICOS E COMPLEMENTOS ALIMENTARES,Alimentos,compatible,
1099699,FABRICAÇÃO DE OUTROS PRODUTOS ALIMENTÍCIOS NÃO ESPECIFICADOS ANTERIORMENTE,Alimentos,compatible,
1111901,FABRICAÇÃO DE AGUARDENTE DE CANA DE AÇÚCAR,Alimentos,check,beverages only; the segment is food
1111902,FABRICAÇÃO DE OUTRAS AGUARDENTES E BEBIDAS DESTILADAS,Alimentos,check,beverages only; the segment is food
1112700,FABRICAÇÃO DE VINHO,Alimentos,check,beverages only; the segment is food
1113501,"FABRICAÇÃO DE MALTE, INCLUSIVE MALTE UÍSQUE",Alimentos,check,beverages only; the segment is food
1113502,FABRICAÇÃO DE CERVEJAS E CHOPES,Alimentos,check,beverages only; the segment is food
1121600,FABRICAÇÃO DE ÁGUAS ENVASADAS,Alimentos,check,beverages only; the segment is food
1122401,FABRICAÇÃO DE REFRIGERANTES,Alimentos,check,beverages only; the segment is food
1122402,FABRICAÇÃO DE CHÁ MATE E OUTROS CHÁS PRONTOS PARA CONSUMO,Alimentos,check,beverages only; the segment is food
1122403,"FABRICAÇÃO DE REFRESCOS, XAROPES E PÓS PARA REFRESCOS, EXCETO REFRESCOS DE FRUTAS",Alimentos,check,beverages only; the segment is food
1122404,FABRICAÇÃO DE BEBIDAS ISOTÔNICAS,Alimentos,check,beverages only; the segment is food
1122499,FABRICAÇÃO DE OUTRAS BEBIDAS NÃO ALCOÓLICAS NÃO ESPECIFICADAS ANTERIORMENTE,Alimentos,check,beverages only; the segment is food
1411801,CONFECÇÃO DE ROUPAS ÍNTIMAS,Vestuário / Uniformes,compatible,
1411802,FACÇÃO DE ROUPAS ÍNTIMAS,Vestuário / Uniformes,compatible,
1412601,"CONFECÇÃO DE PEÇAS DE VESTUÁRIO, EXCETO ROUPAS ÍNTIMAS E AS CONFECCIONADAS SOB MEDIDA",Vestuário / Uniformes,compatible,
1412602,"CONFECÇÃO, SOB MEDIDA, DE PEÇAS DO VESTUÁRIO, EXCETO ROUPAS ÍNTIMAS",Vestuário / Uniformes,compatible,
1412603,"FACÇÃO DE PEÇAS DO VESTUÁRIO, EXCETO ROUPAS ÍNTIMAS",Vestuário / Uniformes,compatible,
1413401,"CONFECÇÃO DE ROUPAS PROFISSIONAIS, EXCETO SOB MEDIDA",Vestuário / Uniformes,compatible,workwear
1413402,"CONFECÇÃO, SOB MEDIDA, DE ROUPAS PROFISSIONAIS",Vestuário / Uniformes,compatible,workwear
1413403,FACÇÃO DE ROUPAS PROFISSIONAIS,Vestuário / Uniformes,compatible,workwear
1414200,"FABRICAÇÃO DE ACESSÓRIOS DO VESTUÁRIO, EXCETO PARA SEGURANÇA E PROTEÇÃO",Vestuário / Uniformes,check,accessories only
1421500,FABRICAÇÃO DE MEIAS,Vestuário / Uniformes,compatible,
1422300,"FABRICAÇÃO DE ARTIGOS DO VESTUÁRIO, PRODUZIDOS EM MALHARIAS E TRICOTAGENS, EXCETO MEIAS",Vestuário / Uniformes,compatible,
1531901,FABRICAÇÃO DE CALÇADOS DE COURO,Vestuário / Uniformes,compatible,footwear
1531902,ACABAMENTO DE CALÇADOS DE COURO SOB CONTRATO,Vestuário / Uniformes,compatible,footwear
1532700,FABRICAÇÃO DE TÊNIS DE QUALQUER MATERIAL,Vestuário / Uniformes,compatible,footwear
1533500,FABRICAÇÃO DE CALÇADOS DE MATERIAL SINTÉTICO,Vestuário / Uniformes,compatible,footwear
1539400,FABRICAÇÃO DE CALÇADOS DE MATERIAIS NÃO ESPECIFICADOS ANTERIORMENTE,Vestuário / Uniformes,compatible,footwear
1540800,"FABRICAÇÃO DE PARTES PARA CALÇADOS, DE QUALQUER MATERIAL",Vestuário / Uniformes,check,"footwear parts, not finished footwear"
1610203,SERRARIAS COM DESDOBRAMENTO DE MADEIRA EM BRUTO,Construção / Hidráulica,check,sawmills: raw timber
1610204,SERRARIAS SEM DESDOBRAMENTO DE MADEIRA EM BRUTO - RESSERRAGEM,Construção / Hidráulica,check,sawmills: raw timber
1610205,SERVIÇO DE TRATAMENTO DE MADEIRA REALIZADO SOB CONTRATO,Construção / Hidráulica,check,sawmills: raw timber
1621800,"FABRICAÇÃO DE MADEIRA LAMINADA E DE CHAPAS DE MADEIRA COMPENSADA, PRENSADA E AGLOMERADA",Construção / Hidráulica,compatible,
1622601,FABRICAÇÃO DE CASAS DE MADEIRA PRÉ FABRICADAS,Construção / Hidráulica,compatible,carpentry for construction
1622602,FABRICAÇÃO DE ESQUADRIAS DE MADEIRA E DE PEÇAS DE MADEIRA PARA INSTALAÇÕES INDUSTRIAIS E COMERCIAIS,Construção / Hidráulica,compatible,carpentry for construction
1622699,FABRICAÇÃO DE OUTROS ARTIGOS DE CARPINTARIA PARA CONSTRUÇÃO,Construção / Hidráulica,compatible,carpentry for construction
1629301,"FABRICAÇÃO DE ARTEFATOS DIVERSOS DE MADEIRA, EXCETO MÓVEIS",Construção / Hidráulica,check,miscellaneous wood articles
1721400,FABRICAÇÃO DE PAPEL,Gráfico / Escritório,check,"paper in bulk, not office stationery"
1722200,FABRICAÇÃO DE CARTOLINA E PAPEL CARTÃO,Gráfico / Escritório,check,"board in bulk, not office stationery"
1731100,FABRICAÇÃO DE EMBALAGENS DE PAPEL,Gráfico / Escritório,check,"paper packaging, not office stationery"
1732000,FABRICAÇÃO DE EMBALAGENS DE CARTOLINA E PAPEL CARTÃO,Gráfico / Escritório,check,"paper packaging, not office stationery"
1733800,FABRICAÇÃO DE CHAPAS E DE EMBALAGENS DE PAPELÃO ONDULADO,Gráfico / Escritório,check,"paper packaging, not office stationery"
1741901,FABRICAÇÃO DE FORMULÁRIOS CONTÍNUOS,Gráfico / Escritório,compatible,
1741902,"FABRICAÇÃO DE PRODUTOS DE PAPEL, CARTOLINA, PAPEL CARTÃO E PAPELÃO ONDULADO PARA USO COMERCIAL E DE ESCRITÓRIO",Gráfico / Escritório,compatible,
1742701,FABRICAÇÃO DE FRALDAS DESCARTÁVEIS,Saúde / Hospitalar,check,disposable nappies; bought in health tenders
1742702,FABRICAÇÃO DE ABSORVENTES HIGIÊNICOS,Limpeza / Higiene,check,sanitary towels
1742799,FABRICAÇÃO DE PRODUTOS DE PAPEL PARA USO DOMÉSTICO E HIGIÊNICO SANITÁRIO NÃO ESPECIFICADOS ANTERIORMENTE,Limpeza / Higiene,compatible,toilet paper and household hygiene paper
1749400,"FABRICAÇÃO DE PRODUTOS DE PASTAS CELULÓSICAS, PAPEL, CARTOLINA, PAPEL CARTÃO E PAPELÃO ONDULADO NÃO ESPECIFICADOS ANTERIORMENTE",Gráfico / Escritório,check,other paper products
1811301,IMPRESSÃO DE JORNAIS,Gráfico / Escritório,compatible,printing
1811302,"IMPRESSÃO DE LIVROS, REVISTAS E OUTRAS PUBLICAÇÕES PERIÓDICAS",Gráfico / Escritório,compatible,printing
1812100,IMPRESSÃO DE MATERIAL DE SEGURANÇA,Gráfico / Escritório,compatible,printing
1813001,IMPRESSÃO DE MATERIAL PARA USO PUBLICITÁRIO,Gráfico / Escritório,compatible,printing
1813099,IMPRESSÃO DE MATERIAL PARA OUTROS USOS,Gráfico / Escritório,compatible,printing
1821100,SERVIÇOS DE PRÉ IMPRESSÃO,Gráfico / Escritório,compatible,pre-press
1822901,SERVIÇOS DE ENCADERNAÇÃO E PLASTIFICAÇÃO,Gráfico / Escritório,compatible,print finishing
1822999,"SERVIÇOS DE ACABAMENTOS GRÁFICOS, EXCETO ENCADERNAÇÃO E PLASTIFICAÇÃO",Gráfico / Escritório,compatible,print finishing
1830003,REPRODUÇÃO DE SOFTWARE EM QUALQUER SUPORTE,Software / Sistemas,check,"software reproduction, not development"
2052500,FABRICAÇÃO DE DESINFESTANTES DOMISSANITÁRIOS,Limpeza / Higiene,check,pest-control products rather than cleaning products
2061400,FABRICAÇÃO DE SABÕES E DETERGENTES SINTÉTICOS,Limpeza / Higiene,compatible,
2062200,FABRICAÇÃO DE PRODUTOS DE LIMPEZA E POLIMENTO,Limpeza / Higiene,compatible,
2063100,"FABRICAÇÃO DE COSMÉTICOS, PRODUTOS DE PERFUMARIA E DE HIGIENE PESSOAL",Limpeza / Higiene,check,cosmetics and personal hygiene
2071100,"FABRICAÇÃO DE TINTAS, VERNIZES, ESMALTES E LACAS",Construção / Hidráulica,compatible,paint
2072000,FABRICAÇÃO DE TINTAS DE IMPRESSÃO,Gráfico / Escritório,check,printing inks
2073800,"FABRICAÇÃO DE IMPERMEABILIZANTES, SOLVENTES E PRODUTOS AFINS",Construção / Hidráulica,compatible,
2091600,FABRICAÇÃO DE ADESIVOS E SELANTES,Construção / Hidráulica,check,adhesives and sealants
2110600,FABRICAÇÃO DE PRODUTOS FARMOQUÍMICOS,Saúde / Hospitalar,check,"pharmochemical inputs, not finished medicines"
2121101,FABRICAÇÃO DE MEDICAMENTOS ALOPÁTICOS PARA USO HUMANO,Saúde / Hospitalar,compatible,
2121102,FABRICAÇÃO DE MEDICAMENTOS HOMEOPÁTICOS PARA USO HUMANO,Saúde / Hospitalar,compatible,
2121103,FABRICAÇÃO DE MEDICAMENTOS FITOTERÁPICOS PARA USO HUMANO,Saúde / Hospitalar,compatible,
2122000,FABRICAÇÃO DE MEDICAMENTOS PARA USO VETERINÁRIO,Saúde / Hospitalar,check,veterinary medicines
2123800,FABRICAÇÃO DE PREPARAÇÕES FARMACÊUTICAS,Saúde / Hospitalar,compatible,
2211100,FABRICAÇÃO DE PNEUMÁTICOS E DE CÂMARAS DE AR,Veículos / Peças,compatible,tyres
2212900,REFORMA DE PNEUMÁTICOS USADOS,Veículos / Peças,compatible,retreaded tyres
2223400,FABRICAÇÃO DE TUBOS E ACESSÓRIOS DE MATERIAL PLÁSTICO PARA USO NA CONSTRUÇÃO,Construção / Hidráulica,compatible,pipes and fittings
2229303,"FABRICAÇÃO DE ARTEFATOS DE MATERIAL PLÁSTICO PARA USO NA CONSTRUÇÃO, EXCETO TUBOS E ACESSÓRIOS",Construção / Hidráulica,compatible,
2311700,FABRICAÇÃO DE VIDRO PLANO E DE SEGURANÇA,Construção / Hidráulica,compatible,flat and safety glass
2320600,FABRICAÇÃO DE CIMENTO,Construção / Hidráulica,compatible,cement
2330301,"FABRICAÇÃO DE ESTRUTURAS PRÉ MOLDADAS DE CONCRETO ARMADO, EM SÉRIE E SOB ENCOMENDA",Construção / Hidráulica,compatible,
2330302,FABRICAÇÃO DE ARTEFATOS DE CIMENTO PARA USO NA CONSTRUÇÃO,Construção / Hidráulica,compatible,
2330303,FABRICAÇÃO DE ARTEFATOS DE FIBROCIMENTO PARA USO NA CONSTRUÇÃO,Construção / Hidráulica,compatible,
2330304,FABRICAÇÃO DE CASAS PRÉ MOLDADAS DE CONCRETO,Construção / Hidráulica,compatible,
2330305,PREPARAÇÃO DE MASSA DE CONCRETO E ARGAMASSA PARA CONSTRUÇÃO,Construção / Hidráulica,compatible,
2330399,"FABRICAÇÃO DE OUTROS ARTEFATOS E PRODUTOS DE CONCRETO, CIMENTO, FIBROCIMENTO, GESSO E MATERIAIS SEMELHANTES",Construção / Hidráulica,compatible,
2341900,FABRICAÇÃO DE PRODUTOS CERÂMICOS REFRATÁRIOS,Construção / Hidráulica,check,"refractory ceramics, industrial use"
2342701,FABRICAÇÃO DE AZULEJOS E PISOS,Construção / Hidráulica,compatible,
2342702,"FABRICAÇÃO DE ARTEFATOS DE CERÂMICA E BARRO COZIDO PARA USO NA CONSTRUÇÃO, EXCETO AZULEJOS E PISOS",Construção / Hidráulica,compatible,
2349401,FABRICAÇÃO DE MATERIAL SANITÁRIO DE CERÂMICA,Construção / Hidráulica,compatible,ceramic sanitary ware
2349499,FABRICAÇÃO DE PRODUTOS CERÂMICOS NÃO REFRATÁRIOS NÃO ESPECIFICADOS ANTERIORMENTE,Construção / Hidráulica,check,other ceramic products
2391501,"BRITAMENTO DE PEDRAS, EXCETO ASSOCIADO À EXTRAÇÃO",Construção / Hidráulica,compatible,
2391502,"APARELHAMENTO DE PEDRAS PARA CONSTRUÇÃO, EXCETO ASSOCIADO À EXTRAÇÃO",Construção / Hidráulica,compatible,
2391503,"APARELHAMENTO DE PLACAS E EXECUÇÃO DE TRABALHOS EM MÁRMORE, GRANITO, ARDÓSIA E OUTRAS PEDRAS",Construção / Hidráulica,compatible,
2392300,FABRICAÇÃO DE CAL E GESSO,Construção / Hidráulica,compatible,lime and plaster
2399102,FABRICAÇÃO DE ABRASIVOS,Ferragens / Ferramentas,check,abrasives
2399199,FABRICAÇÃO DE OUTROS PRODUTOS DE MINERAIS NÃO METÁLICOS NÃO ESPECIFICADOS ANTERIORMENTE,Construção / Hidráulica,check,other non-metallic mineral products
2423701,PRODUÇÃO DE TUBOS DE AÇO SEM COSTURA,Construção / Hidráulica,check,steel tubes
2424501,PRODUÇÃO DE ARAMES DE AÇO,Ferragens / Ferramentas,check,steel wire
2431800,PRODUÇÃO DE TUBOS DE AÇO COM COSTURA,Construção / Hidráulica,check,steel tubes
2439300,PRODUÇÃO DE OUTROS TUBOS DE FERRO E AÇO,Construção / Hidráulica,check,iron and steel tubes
2511000,FABRICAÇÃO DE ESTRUTURAS METÁLICAS,Construção / Hidráulica,compatible,steel structures
2512800,FABRICAÇÃO DE ESQUADRIAS DE METAL,Construção / Hidráulica,compatible,metal frames
2539001,"SERVIÇOS DE USINAGEM, TORNEARIA E SOLDA",Ferragens / Ferramentas,check,machining and welding services
2541100,FABRICAÇÃO DE ARTIGOS DE CUTELARIA,Ferragens / Ferramentas,check,cutlery
2542000,"FABRICAÇÃO DE ARTIGOS DE SERRALHERIA, EXCETO ESQUADRIAS",Construção / Hidráulica,compatible,metalwork
2543800,FABRICAÇÃO DE FERRAMENTAS,Ferragens / Ferramentas,compatible,tools
2592601,FABRICAÇÃO DE PRODUTOS DE TREFILADOS DE METAL PADRONIZADOS,Ferragens / Ferramentas,check,drawn metal products
2592602,"FABRICAÇÃO DE PRODUTOS DE TREFILADOS DE METAL, EXCETO PADRONIZADOS",Ferragens / Ferramentas,check,drawn metal products
2599301,SERVIÇOS DE CONFECÇÃO DE ARMAÇÕES METÁLICAS PARA A CONSTRUÇÃO,Construção / Hidráulica,compatible,
2599302,SERVIÇO DE CORTE E DOBRA DE METAIS,Ferragens / Ferramentas,check,metal cutting and bending services
2599399,FABRICAÇÃO DE OUTROS PRODUTOS DE METAL NÃO ESPECIFICADOS ANTERIORMENTE,Ferragens / Ferramentas,check,other metal products
2610800,FABRICAÇÃO DE COMPONENTES ELETRÔNICOS,Informática / TI,check,electronic components
2621300,FABRICAÇÃO DE EQUIPAMENTOS DE INFORMÁTICA,Informática / TI,compatible,
2622100,FABRICAÇÃO DE PERIFÉRICOS PARA EQUIPAMENTOS DE INFORMÁTICA,Informática / TI,compatible,peripherals
2631100,"FABRICAÇÃO DE EQUIPAMENTOS TRANSMISSORES DE COMUNICAÇÃO, PEÇAS E ACESSÓRIOS",Informática / TI,check,communication transmitters
2632900,"FABRICAÇÃO DE APARELHOS TELEFÔNICOS E DE OUTROS EQUIPAMENTOS DE COMUNICAÇÃO, PEÇAS E ACESSÓRIOS",Informática / TI,check,telephone equipment
2640000,"FABRICAÇÃO DE APARELHOS DE RECEPÇÃO, REPRODUÇÃO, GRAVAÇÃO E AMPLIFICAÇÃO DE ÁUDIO E VÍDEO",Informática / TI,check,audio and video equipment
2660400,FABRICAÇÃO DE APARELHOS ELETROMÉDICOS E ELETROTERAPÊUTICOS E EQUIPAMENTOS DE IRRADIAÇÃO,Saúde / Hospitalar,compatible,electromedical equipment
2670101,"FABRICAÇÃO DE EQUIPAMENTOS E INSTRUMENTOS ÓPTICOS, PEÇAS E ACESSÓRIOS",Saúde / Hospitalar,check,optical instruments
2680900,"FABRICAÇÃO DE MÍDIAS VIRGENS, MAGNÉTICAS E ÓPTICAS",Informática / TI,check,blank media
2710401,"FABRICAÇÃO DE GERADORES DE CORRENTE CONTÍNUA E ALTERNADA, PEÇAS E ACESSÓRIOS",Elétrica,compatible,
2710402,"FABRICAÇÃO DE TRANSFORMADORES, INDUTORES, CONVERSORES, SINCRONIZADORES E SEMELHANTES, PEÇAS E ACESSÓRIOS",Elétrica,compatible,
2710403,"FABRICAÇÃO DE MOTORES ELÉTRICOS, PEÇAS E ACESSÓRIOS",Elétrica,compatible,
2721000,"FABRICAÇÃO DE PILHAS, BATERIAS E ACUMULADORES ELÉTRICOS, EXCETO PARA VEÍCULOS AUTOMOTORES",Elétrica,compatible,batteries
2722801,FABRICAÇÃO DE BATERIAS E ACUMULADORES PARA VEÍCULOS AUTOMOTORES,Veículos / Peças,compatible,vehicle batteries
2722802,RECONDICIONAMENTO DE BATERIAS E ACUMULADORES PARA VEÍCULOS AUTOMOTORES,Veículos / Peças,compatible,vehicle batteries
2731700,FABRICAÇÃO DE APARELHOS E EQUIPAMENTOS PARA DISTRIBUIÇÃO E CONTROLE DE ENERGIA ELÉTRICA,Elétrica,compatible,
2732500,FABRICAÇÃO DE MATERIAL ELÉTRICO PARA INSTALAÇÕES EM CIRCUITO DE CONSUMO,Elétrica,compatible,
2733300,"FABRICAÇÃO DE FIOS, CABOS E CONDUTORES ELÉTRICOS ISOLADOS",Elétrica,compatible,wire and cable
2740601,FABRICAÇÃO DE LÂMPADAS,Elétrica,compatible,lamps
2740602,FABRICAÇÃO DE LUMINÁRIAS E OUTROS EQUIPAMENTOS DE ILUMINAÇÃO,Elétrica,compatible,luminaires
2751100,"FABRICAÇÃO DE FOGÕES, REFRIGERADORES E MÁQUINAS DE LAVAR E SECAR PARA USO DOMÉSTICO, PEÇAS E ACESSÓRIOS",Elétrica,check,"white goods, not installation material"
2759701,"FABRICAÇÃO DE APARELHOS ELÉTRICOS DE USO PESSOAL, PEÇAS E ACESSÓRIOS",Elétrica,check,"household appliances, not installation material"
2759799,"FABRICAÇÃO DE OUTROS APARELHOS ELETRODOMÉSTICOS NÃO ESPECIFICADOS ANTERIORMENTE, PEÇAS E ACESSÓRIOS",Elétrica,check,"household appliances, not installation material"
2790201,"FABRICAÇÃO DE ELETRODOS, CONTATOS E OUTROS ARTIGOS DE CARVÃO E GRAFITA PARA USO ELÉTRICO, ELETROÍMÃS E ISOLADORES",Elétrica,check,electrodes and insulators
2790202,FABRICAÇÃO DE EQUIPAMENTOS PARA SINALIZAÇÃO E ALARME,Segurança Eletrônica / CFTV,compatible,signalling and alarm equipment
2790299,FABRICAÇÃO DE OUTROS EQUIPAMENTOS E APARELHOS ELÉTRICOS NÃO ESPECIFICADOS ANTERIORMENTE,Elétrica,check,other electrical equipment
2812700,"FABRICAÇÃO DE EQUIPAMENTOS HIDRÁULICOS E PNEUMÁTICOS, PEÇAS E ACESSÓRIOS, EXCETO VÁLVULAS",Construção / Hidráulica,check,hydraulic and pneumatic equipment
2813500,"FABRICAÇÃO DE VÁLVULAS, REGISTROS E DISPOSITIVOS SEMELHANTES, PEÇAS E ACESSÓRIOS",Construção / Hidráulica,check,valves and stopcocks
2829101,"FABRICAÇÃO DE MÁQUINAS DE ESCREVER, CALCULAR E OUTROS EQUIPAMENTOS NÃO ELETRÔNICOS PARA ESCRITÓRIO, PEÇAS E ACESSÓRIOS",Gráfico / Escritório,check,non-electronic office machines
2840200,"FABRICAÇÃO DE MÁQUINAS FERRAMENTA, PEÇAS E ACESSÓRIOS",Ferragens / Ferramentas,check,machine tools
2854200,"FABRICAÇÃO DE MÁQUINAS E EQUIPAMENTOS PARA TERRAPLENAGEM, PAVIMENTAÇÃO E CONSTRUÇÃO, PEÇAS E ACESSÓRIOS, EXCETO TRATORES",Construção / Hidráulica,check,"construction machinery, not materials"
3101200,FABRICAÇÃO DE MÓVEIS COM PREDOMINÂNCIA DE MADEIRA,Mobiliário,compatible,
3102100,FABRICAÇÃO DE MÓVEIS COM PREDOMINÂNCIA DE METAL,Mobiliário,compatible,
3103900,"FABRICAÇÃO DE MÓVEIS DE OUTROS MATERIAIS, EXCETO MADEIRA E METAL",Mobiliário,compatible,
3104700,FABRICAÇÃO DE COLCHÕES,Mobiliário,compatible,
3230200,FABRICAÇÃO DE ARTEFATOS PARA PESCA E ESPORTE,Esportes / Lazer,compatible,sports articles
3240002,"FABRICAÇÃO DE MESAS DE BILHAR, DE SINUCA E ACESSÓRIOS NÃO ASSOCIADA À LOCAÇÃO",Esportes / Lazer,check,billiard tables
3240003,"FABRICAÇÃO DE MESAS DE BILHAR, DE SINUCA E ACESSÓRIOS ASSOCIADA À LOCAÇÃO",Esportes / Lazer,check,billiard tables
3240099,FABRICAÇÃO DE OUTROS BRINQUEDOS E JOGOS RECREATIVOS NÃO ESPECIFICADOS ANTERIORMENTE,Esportes / Lazer,check,toys and games
3250701,"FABRICAÇÃO DE INSTRUMENTOS NÃO ELETRÔNICOS E UTENSÍLIOS PARA USO MÉDICO, CIRÚRGICO, ODONTOLÓGICO E DE LABORATÓRIO",Saúde / Hospitalar,compatible,
3250702,"FABRICAÇÃO DE MOBILIÁRIO PARA USO MÉDICO, CIRÚRGICO, ODONTOLÓGICO E DE LABORATÓRIO",Mobiliário,check,medical furniture; the segment is general furniture
3250702,"FABRICAÇÃO DE MOBILIÁRIO PARA USO MÉDICO, CIRÚRGICO, ODONTOLÓGICO E DE LABORATÓRIO",Saúde / Hospitalar,compatible,
3250703,FABRICAÇÃO DE APARELHOS E UTENSÍLIOS PARA CORREÇÃO DE DEFEITOS FÍSICOS E APARELHOS ORTOPÉDICOS EM GERAL SOB ENCOMENDA,Saúde / Hospitalar,compatible,
3250704,"FABRICAÇÃO DE APARELHOS E UTENSÍLIOS PARA CORREÇÃO DE DEFEITOS FÍSICOS E APARELHOS ORTOPÉDICOS EM GERAL, EXCETO SOB ENCOMENDA",Saúde / Hospitalar,compatible,
3250705,FABRICAÇÃO DE MATERIAIS PARA MEDICINA E ODONTOLOGIA,Saúde / Hospitalar,compatible,
3250706,SERVIÇOS DE PRÓTESE DENTÁRIA,Saúde / Hospitalar,check,dental prosthesis service
3250707,FABRICAÇÃO DE ARTIGOS ÓPTICOS,Saúde / Hospitalar,check,optical articles
3250709,SERVIÇO DE LABORATÓRIO ÓPTICO,Saúde / Hospitalar,check,optical laboratory service
3291400,"FABRICAÇÃO DE ESCOVAS, PINCÉIS E VASSOURAS",Construção / Hidráulica,check,also paint brushes and rollers
3291400,"FABRICAÇÃO DE ESCOVAS, PINCÉIS E VASSOURAS",Limpeza / Higiene,compatible,brushes and brooms
3292201,FABRICAÇÃO DE ROUPAS DE PROTEÇÃO E SEGURANÇA E RESISTENTES A FOGO,Vestuário / Uniformes,compatible,protective clothing
3292202,FABRICAÇÃO DE EQUIPAMENTOS E ACESSÓRIOS PARA SEGURANÇA PESSOAL E PROFISSIONAL,Saúde / Hospitalar,check,gloves and masks are classified as hospital items
3292202,FABRICAÇÃO DE EQUIPAMENTOS E ACESSÓRIOS PARA SEGURANÇA PESSOAL E PROFISSIONAL,Vestuário / Uniformes,compatible,personal protective equipment
3299002,"FABRICAÇÃO DE CANETAS, LÁPIS E OUTROS ARTIGOS PARA ESCRITÓRIO",Gráfico / Escritório,compatible,pens and office articles
3299003,"FABRICAÇÃO DE LETRAS, LETREIROS E PLACAS DE QUALQUER MATERIAL, EXCETO LUMINOSOS",Gráfico / Escritório,check,signs and plates
3299004,FABRICAÇÃO DE PAINÉIS E LETREIROS LUMINOSOS,Gráfico / Escritório,check,illuminated signs
3312103,MANUTENÇÃO E REPARAÇÃO DE APARELHOS ELETROMÉDICOS E ELETROTERAPÊUTICOS E EQUIPAMENTOS DE IRRADIAÇÃO,Saúde / Hospitalar,compatible,electromedical maintenance
3313901,"MANUTENÇÃO E REPARAÇÃO DE GERADORES, TRANSFORMADORES E MOTORES ELÉTRICOS",Elétrica,check,service provider in this field; segment tenders are mostly material purchases
3313902,"MANUTENÇÃO E REPARAÇÃO DE BATERIAS E ACUMULADORES ELÉTRICOS, EXCETO PARA VEÍCULOS",Elétrica,check,service provider in this field; segment tenders are mostly material purchases
3313999,"MANUTENÇÃO E REPARAÇÃO DE MÁQUINAS, APARELHOS E MATERIAIS ELÉTRICOS NÃO ESPECIFICADOS ANTERIORMENTE",Elétrica,check,service provider in this field; segment tenders are mostly material purchases
3314709,"MANUTENÇÃO E REPARAÇÃO DE MÁQUINAS DE ESCREVER, CALCULAR E DE OUTROS EQUIPAMENTOS NÃO ELETRÔNICOS PARA ESCRITÓRIO",Gráfico / Escritório,check,service provider in this field; segment tenders are mostly material purchases
3329501,SERVIÇOS DE MONTAGEM DE MÓVEIS DE QUALQUER MATERIAL,Mobiliário,check,service provider in this field; segment tenders are mostly material purchases
4110700,INCORPORAÇÃO DE EMPREENDIMENTOS IMOBILIÁRIOS,Construção / Hidráulica,check,property development rather than contracting
4120400,CONSTRUÇÃO DE EDIFÍCIOS,Construção / Hidráulica,compatible,
4211101,CONSTRUÇÃO DE RODOVIAS E FERROVIAS,Construção / Hidráulica,compatible,
4211102,PINTURA PARA SINALIZAÇÃO EM PISTAS RODOVIÁRIAS E AEROPORTOS,Construção / Hidráulica,compatible,
4212000,CONSTRUÇÃO DE OBRAS DE ARTE ESPECIAIS,Construção / Hidráulica,compatible,
4213800,"OBRAS DE URBANIZAÇÃO - RUAS, PRAÇAS E CALÇADAS",Construção / Hidráulica,compatible,
4221901,CONSTRUÇÃO DE BARRAGENS E REPRESAS PARA GERAÇÃO DE ENERGIA ELÉTRICA,Construção / Hidráulica,compatible,
4221902,CONSTRUÇÃO DE ESTAÇÕES E REDES DE DISTRIBUIÇÃO DE ENERGIA ELÉTRICA,Construção / Hidráulica,compatible,
4221903,MANUTENÇÃO DE REDES DE DISTRIBUIÇÃO DE ENERGIA ELÉTRICA,Construção / Hidráulica,compatible,
4221904,CONSTRUÇÃO DE ESTAÇÕES E REDES DE TELECOMUNICAÇÕES,Construção / Hidráulica,compatible,
4221905,MANUTENÇÃO DE ESTAÇÕES E REDES DE TELECOMUNICAÇÕES,Construção / Hidráulica,compatible,
4222701,"CONSTRUÇÃO DE REDES DE ABASTECIMENTO DE ÁGUA, COLETA DE ESGOTO E CONSTRUÇÕES CORRELATAS, EXCETO OBRAS DE IRRIGAÇÃO",Construção / Hidráulica,compatible,
4222702,OBRAS DE IRRIGAÇÃO,Construção / Hidráulica,compatible,
4223500,"CONSTRUÇÃO DE REDES DE TRANSPORTES POR DUTOS, EXCETO PARA ÁGUA E ESGOTO",Construção / Hidráulica,compatible,
4291000,"OBRAS PORTUÁRIAS, MARÍTIMAS E FLUVIAIS",Construção / Hidráulica,compatible,
4292801,MONTAGEM DE ESTRUTURAS METÁLICAS,Construção / Hidráulica,compatible,
4292802,OBRAS DE MONTAGEM INDUSTRIAL,Construção / Hidráulica,compatible,
4299501,CONSTRUÇÃO DE INSTALAÇÕES ESPORTIVAS E RECREATIVAS,Construção / Hidráulica,compatible,
4299599,OUTRAS OBRAS DE ENGENHARIA CIVIL NÃO ESPECIFICADAS ANTERIORMENTE,Construção / Hidráulica,compatible,
4311801,DEMOLIÇÃO DE EDIFÍCIOS E OUTRAS ESTRUTURAS,Construção / Hidráulica,compatible,
4311802,PREPARAÇÃO DE CANTEIRO E LIMPEZA DE TERRENO,Construção / Hidráulica,compatible,
4312600,PERFURAÇÕES E SONDAGENS,Construção / Hidráulica,compatible,
4313400,OBRAS DE TERRAPLENAGEM,Construção / Hidráulica,compatible,
4319300,SERVIÇOS DE PREPARAÇÃO DO TERRENO NÃO ESPECIFICADOS ANTERIORMENTE,Construção / Hidráulica,compatible,
4321500,INSTALAÇÃO E MANUTENÇÃO ELÉTRICA,Construção / Hidráulica,compatible,
4321500,INSTALAÇÃO E MANUTENÇÃO ELÉTRICA,Elétrica,check,service provider in this field; segment tenders are mostly material purchases
4322301,"INSTALAÇÕES HIDRÁULICAS, SANITÁRIAS E DE GÁS",Construção / Hidráulica,compatible,plumbing
4322302,"INSTALAÇÃO E MANUTENÇÃO DE SISTEMAS CENTRAIS DE AR CONDICIONADO, DE VENTILAÇÃO E REFRIGERAÇÃO",Construção / Hidráulica,check,air conditioning installation
4322303,INSTALAÇÕES DE SISTEMA DE PREVENÇÃO CONTRA INCÊNDIO,Construção / Hidráulica,check,fire prevention systems
4329101,INSTALAÇÃO DE PAINÉIS PUBLICITÁRIOS,Gráfico / Escritório,check,advertising panels
4329102,INSTALAÇÃO DE EQUIPAMENTOS PARA ORIENTAÇÃO À NAVEGAÇÃO MARÍTIMA FLUVIAL E LACUSTRE,Construção / Hidráulica,check,navigation aids: a narrow installation niche
4329103,"INSTALAÇÃO, MANUTENÇÃO E REPARAÇÃO DE ELEVADORES, ESCADAS E ESTEIRAS ROLANTES",Construção / Hidráulica,check,lifts and escalators
4329104,"MONTAGEM E INSTALAÇÃO DE SISTEMAS E EQUIPAMENTOS DE ILUMINAÇÃO E SINALIZAÇÃO EM VIAS PÚBLICAS, PORTOS E AEROPORTOS",Construção / Hidráulica,compatible,road signalling
4329104,"MONTAGEM E INSTALAÇÃO DE SISTEMAS E EQUIPAMENTOS DE ILUMINAÇÃO E SINALIZAÇÃO EM VIAS PÚBLICAS, PORTOS E AEROPORTOS",Elétrica,compatible,public lighting
4329105,"TRATAMENTOS TÉRMICOS, ACÚSTICOS OU DE VIBRAÇÃO",Construção / Hidráulica,check,"thermal, acoustic and vibration treatments"
4329199,OUTRAS OBRAS DE INSTALAÇÕES EM CONSTRUÇÕES NÃO ESPECIFICADAS ANTERIORMENTE,Construção / Hidráulica,check,unspecified building installations
4330401,IMPERMEABILIZAÇÃO EM OBRAS DE ENGENHARIA CIVIL,Construção / Hidráulica,compatible,
4330402,"INSTALAÇÃO DE PORTAS, JANELAS, TETOS, DIVISÓRIAS E ARMÁRIOS EMBUTIDOS DE QUALQUER MATERIAL",Construção / Hidráulica,compatible,
4330403,OBRAS DE ACABAMENTO EM GESSO E ESTUQUE,Construção / Hidráulica,compatible,
4330404,SERVIÇOS DE PINTURA DE EDIFÍCIOS EM GERAL,Construção / Hidráulica,compatible,
4330405,APLICAÇÃO DE REVESTIMENTOS E DE RESINAS EM INTERIORES E EXTERIORES,Construção / Hidráulica,compatible,
4330499,OUTRAS OBRAS DE ACABAMENTO DA CONSTRUÇÃO,Construção / Hidráulica,compatible,
4391600,OBRAS DE FUNDAÇÕES,Construção / Hidráulica,compatible,
4399101,ADMINISTRAÇÃO DE OBRAS,Construção / Hidráulica,compatible,
4399102,MONTAGEM E DESMONTAGEM DE ANDAIMES E OUTRAS ESTRUTURAS TEMPORÁRIAS,Construção / Hidráulica,compatible,
4399103,OBRAS DE ALVENARIA,Construção / Hidráulica,compatible,
4399104,SERVIÇOS DE OPERAÇÃO E FORNECIMENTO DE EQUIPAMENTOS PARA TRANSPORTE E ELEVAÇÃO DE CARGAS E PESSOAS PARA USO EM OBRAS,Construção / Hidráulica,check,equipment hire for works
4399105,PERFURAÇÃO E CONSTRUÇÃO DE POÇOS DE ÁGUA,Construção / Hidráulica,compatible,
4399199,SERVIÇOS ESPECIALIZADOS PARA CONSTRUÇÃO NÃO ESPECIFICADOS ANTERIORMENTE,Construção / Hidráulica,compatible,
4511101,"COMÉRCIO A VAREJO DE AUTOMÓVEIS, CAMIONETAS E UTILITÁRIOS NOVOS",Veículos / Peças,compatible,
4511102,"COMÉRCIO A VAREJO DE AUTOMÓVEIS, CAMIONETAS E UTILITÁRIOS USADOS",Veículos / Peças,compatible,
4511103,"COMÉRCIO POR ATACADO DE AUTOMÓVEIS, CAMIONETAS E UTILITÁRIOS NOVOS E USADOS",Veículos / Peças,compatible,
4511104,COMÉRCIO POR ATACADO DE CAMINHÕES NOVOS E USADOS,Veículos / Peças,compatible,
4511105,COMÉRCIO POR ATACADO DE REBOQUES E SEMI REBOQUES NOVOS E USADOS,Veículos / Peças,compatible,
4511106,COMÉRCIO POR ATACADO DE ÔNIBUS E MICROÔNIBUS NOVOS E USADOS,Veículos / Peças,compatible,
4512901,REPRESENTANTES COMERCIAIS E AGENTES DO COMÉRCIO DE VEÍCULOS AUTOMOTORES,Veículos / Peças,check,"representante comercial: intermediates, does not necessarily hold stock"
4512902,COMÉRCIO SOB CONSIGNAÇÃO DE VEÍCULOS AUTOMOTORES,Veículos / Peças,check,"representante comercial: intermediates, does not necessarily hold stock"
4520001,SERVIÇOS DE MANUTENÇÃO E REPARAÇÃO MECÂNICA DE VEÍCULOS AUTOMOTORES,Veículos / Peças,compatible,
4520002,SERVIÇOS DE LANTERNAGEM OU FUNILARIA E PINTURA DE VEÍCULOS AUTOMOTORES,Veículos / Peças,compatible,
4520003,SERVIÇOS DE MANUTENÇÃO E REPARAÇÃO ELÉTRICA DE VEÍCULOS AUTOMOTORES,Veículos / Peças,compatible,
4520004,SERVIÇOS DE ALINHAMENTO E BALANCEAMENTO DE VEÍCULOS AUTOMOTORES,Veículos / Peças,compatible,
4520005,"SERVIÇOS DE LAVAGEM, LUBRIFICAÇÃO E POLIMENTO DE VEÍCULOS AUTOMOTORES",Veículos / Peças,compatible,
4520006,SERVIÇOS DE BORRACHARIA PARA VEÍCULOS AUTOMOTORES,Veículos / Peças,compatible,
4520007,"SERVIÇOS DE INSTALAÇÃO, MANUTENÇÃO E REPARAÇÃO DE ACESSÓRIOS PARA VEÍCULOS AUTOMOTORES",Veículos / Peças,compatible,
4520008,SERVIÇOS DE CAPOTARIA,Veículos / Peças,compatible,
4530701,COMÉRCIO POR ATACADO DE PEÇAS E ACESSÓRIOS NOVOS PARA VEÍCULOS AUTOMOTORES,Veículos / Peças,compatible,
4530702,COMÉRCIO POR ATACADO DE PNEUMÁTICOS E CÂMARAS DE AR,Veículos / Peças,compatible,
4530703,COMÉRCIO A VAREJO DE PEÇAS E ACESSÓRIOS NOVOS PARA VEÍCULOS AUTOMOTORES,Veículos / Peças,compatible,
4530704,COMÉRCIO A VAREJO DE PEÇAS E ACESSÓRIOS USADOS PARA VEÍCULOS AUTOMOTORES,Veículos / Peças,check,used parts only
4530705,COMÉRCIO A VAREJO DE PNEUMÁTICOS E CÂMARAS DE AR,Veículos / Peças,compatible,
4530706,REPRESENTANTES COMERCIAIS E AGENTES DO COMÉRCIO DE PEÇAS E ACESSÓRIOS NOVOS E USADOS PARA VEÍCULOS AUTOMOTORES,Veículos / Peças,check,"representante comercial: intermediates, does not necessarily hold stock"
4541201,COMÉRCIO POR ATACADO DE MOTOCICLETAS E MOTONETAS,Veículos / Peças,compatible,
4541202,COMÉRCIO POR ATACADO DE PEÇAS E ACESSÓRIOS PARA MOTOCICLETAS E MOTONETAS,Veículos / Peças,compatible,
4541203,COMÉRCIO A VAREJO DE MOTOCICLETAS E MOTONETAS NOVAS,Veículos / Peças,compatible,
4541204,COMÉRCIO A VAREJO DE MOTOCICLETAS E MOTONETAS USADAS,Veículos / Peças,compatible,
4541206,COMÉRCIO A VAREJO DE PEÇAS E ACESSÓRIOS NOVOS PARA MOTOCICLETAS E MOTONETAS,Veículos / Peças,compatible,
4541207,COMÉRCIO A VAREJO DE PEÇAS E ACESSÓRIOS USADOS PARA MOTOCICLETAS E MOTONETAS,Veículos / Peças,check,used parts only
4542101,"REPRESENTANTES COMERCIAIS E AGENTES DO COMÉRCIO DE MOTOCICLETAS E MOTONETAS, PEÇAS E ACESSÓRIOS",Veículos / Peças,check,"representante comercial: intermediates, does not necessarily hold stock"
4542102,COMÉRCIO SOB CONSIGNAÇÃO DE MOTOCICLETAS E MOTONETAS,Veículos / Peças,check,"representante comercial: intermediates, does not necessarily hold stock"
4543900,MANUTENÇÃO E REPARAÇÃO DE MOTOCICLETAS E MOTONETAS,Veículos / Peças,compatible,
4612500,"REPRESENTANTES COMERCIAIS E AGENTES DO COMÉRCIO DE COMBUSTÍVEIS, MINERAIS, PRODUTOS SIDERÚRGICOS E QUÍMICOS",Veículos / Peças,check,"representante comercial: intermediates, does not necessarily hold stock; fuels"
4613300,"REPRESENTANTES COMERCIAIS E AGENTES DO COMÉRCIO DE MADEIRA, MATERIAL DE CONSTRUÇÃO E FERRAGENS",Construção / Hidráulica,check,"representante comercial: intermediates, does not necessarily hold stock"
4613300,"REPRESENTANTES COMERCIAIS E AGENTES DO COMÉRCIO DE MADEIRA, MATERIAL DE CONSTRUÇÃO E FERRAGENS",Ferragens / Ferramentas,check,"representante comercial: intermediates, does not necessarily hold stock"
4615000,"REPRESENTANTES COMERCIAIS E AGENTES DO COMÉRCIO DE ELETRODOMÉSTICOS, MÓVEIS E ARTIGOS DE USO DOMÉSTICO",Mobiliário,check,"representante comercial: intermediates, does not necessarily hold stock"
4616800,"REPRESENTANTES COMERCIAIS E AGENTES DO COMÉRCIO DE TÊXTEIS, VESTUÁRIO, CALÇADOS E ARTIGOS DE VIAGEM",Vestuário / Uniformes,check,"representante comercial: intermediates, does not necessarily hold stock"
4617600,"REPRESENTANTES COMERCIAIS E AGENTES DO COMÉRCIO DE PRODUTOS ALIMENTÍCIOS, BEBIDAS E FUMO",Alimentos,check,"representante comercial: intermediates, does not necessarily hold stock"
4618401,"REPRESENTANTES COMERCIAIS E AGENTES DO COMÉRCIO DE MEDICAMENTOS, COSMÉTICOS E PRODUTOS DE PERFUMARIA",Saúde / Hospitalar,check,"representante comercial: intermediates, does not necessarily hold stock; medicines"
4618402,REPRESENTANTES COMERCIAIS E AGENTES DO COMÉRCIO DE INSTRUMENTOS E MATERIAIS ODONTO MÉDICO HOSPITALARES,Saúde / Hospitalar,check,"representante comercial: intermediates, does not necessarily hold stock; medical/dental instruments"
4618403,"REPRESENTANTES COMERCIAIS E AGENTES DO COMÉRCIO DE JORNAIS, REVISTAS E OUTRAS PUBLICAÇÕES",Gráfico / Escritório,check,"representante comercial: intermediates, does not necessarily hold stock; publications"
4621400,COMÉRCIO ATACADISTA DE CAFÉ EM GRÃO,Alimentos,check,"green coffee beans, not the roasted coffee tenders buy"
4623109,COMÉRCIO ATACADISTA DE ALIMENTOS PARA ANIMAIS,Alimentos,check,"animal feed, not human food"
4631100,COMÉRCIO ATACADISTA DE LEITE E LATICÍNIOS,Alimentos,compatible,
4632001,COMÉRCIO ATACADISTA DE CEREAIS E LEGUMINOSAS BENEFICIADOS,Alimentos,compatible,
4632002,"COMÉRCIO ATACADISTA DE FARINHAS, AMIDOS E FÉCULAS",Alimentos,compatible,
4632003,"COMÉRCIO ATACADISTA DE CEREAIS E LEGUMINOSAS BENEFICIADOS, FARINHAS, AMIDOS E FÉCULAS, COM ATIVIDADE DE FRACIONAMENTO E ACONDICIONAMENTO ASSOCIADA",Alimentos,compatible,
4633801,"COMÉRCIO ATACADISTA DE FRUTAS, VERDURAS, RAÍZES, TUBÉRCULOS, HORTALIÇAS E LEGUMES FRESCOS",Alimentos,compatible,
4633802,COMÉRCIO ATACADISTA DE AVES VIVAS E OVOS,Alimentos,compatible,
4633803,COMÉRCIO ATACADISTA DE COELHOS E OUTROS PEQUENOS ANIMAIS VIVOS PARA ALIMENTAÇÃO,Alimentos,check,live small animals
4634601,COMÉRCIO ATACADISTA DE CARNES BOVINAS E SUÍNAS E DERIVADOS,Alimentos,compatible,
4634602,COMÉRCIO ATACADISTA DE AVES ABATIDAS E DERIVADOS,Alimentos,compatible,
4634603,COMÉRCIO ATACADISTA DE PESCADOS E FRUTOS DO MAR,Alimentos,compatible,
4634699,COMÉRCIO ATACADISTA DE CARNES E DERIVADOS DE OUTROS ANIMAIS,Alimentos,compatible,
4635401,COMÉRCIO ATACADISTA DE ÁGUA MINERAL,Alimentos,check,beverages only; the segment is food
4635402,"COMÉRCIO ATACADISTA DE CERVEJA, CHOPE E REFRIGERANTE",Alimentos,check,beverages only; the segment is food
4635403,COMÉRCIO ATACADISTA DE BEBIDAS COM ATIVIDADE DE FRACIONAMENTO E ACONDICIONAMENTO ASSOCIADA,Alimentos,check,beverages only; the segment is food
4635499,COMÉRCIO ATACADISTA DE BEBIDAS NÃO ESPECIFICADAS ANTERIORMENTE,Alimentos,check,beverages only; the segment is food
4637101,"COMÉRCIO ATACADISTA DE CAFÉ TORRADO, MOÍDO E SOLÚVEL",Alimentos,compatible,
4637102,COMÉRCIO ATACADISTA DE AÇÚCAR,Alimentos,compatible,
4637103,COMÉRCIO ATACADISTA DE ÓLEOS E GORDURAS,Alimentos,compatible,
4637104,"COMÉRCIO ATACADISTA DE PÃES, BOLOS, BISCOITOS E SIMILARES",Alimentos,compatible,
4637105,COMÉRCIO ATACADISTA DE MASSAS ALIMENTÍCIAS,Alimentos,compatible,
4637106,COMÉRCIO ATACADISTA DE SORVETES,Alimentos,check,ice cream only
4637107,"COMÉRCIO ATACADISTA DE CHOCOLATES, CONFEITOS, BALAS, BOMBONS E SEMELHANTES",Alimentos,check,confectionery only
4637199,COMÉRCIO ATACADISTA ESPECIALIZADO EM OUTROS PRODUTOS ALIMENTÍCIOS NÃO ESPECIFICADOS ANTERIORMENTE,Alimentos,compatible,
4639701,COMÉRCIO ATACADISTA DE PRODUTOS ALIMENTÍCIOS EM GERAL,Alimentos,compatible,
4639702,"COMÉRCIO ATACADISTA DE PRODUTOS ALIMENTÍCIOS EM GERAL, COM ATIVIDADE DE FRACIONAMENTO E ACONDICIONAMENTO ASSOCIADA",Alimentos,compatible,
4641901,COMÉRCIO ATACADISTA DE TECIDOS,Vestuário / Uniformes,check,"fabric, not finished garments"
4642701,"COMÉRCIO ATACADISTA DE ARTIGOS DO VESTUÁRIO E ACESSÓRIOS, EXCETO PROFISSIONAIS E DE SEGURANÇA",Vestuário / Uniformes,compatible,
4642702,COMÉRCIO ATACADISTA DE ROUPAS E ACESSÓRIOS PARA USO PROFISSIONAL E DE SEGURANÇA DO TRABALHO,Vestuário / Uniformes,compatible,workwear and safety clothing
4643501,COMÉRCIO ATACADISTA DE CALÇADOS,Vestuário / Uniformes,compatible,
4644301,COMÉRCIO ATACADISTA DE MEDICAMENTOS E DROGAS DE USO HUMANO,Saúde / Hospitalar,compatible,
4644302,COMÉRCIO ATACADISTA DE MEDICAMENTOS E DROGAS DE USO VETERINÁRIO,Saúde / Hospitalar,check,veterinary medicines
4645101,"COMÉRCIO ATACADISTA DE INSTRUMENTOS E MATERIAIS PARA USO MÉDICO, CIRÚRGICO, HOSPITALAR E DE LABORATÓRIOS",Saúde / Hospitalar,compatible,
4645102,COMÉRCIO ATACADISTA DE PRÓTESES E ARTIGOS DE ORTOPEDIA,Saúde / Hospitalar,compatible,
4645103,COMÉRCIO ATACADISTA DE PRODUTOS ODONTOLÓGICOS,Saúde / Hospitalar,compatible,
4646001,COMÉRCIO ATACADISTA DE COSMÉTICOS E PRODUTOS DE PERFUMARIA,Limpeza / Higiene,check,"cosmetics and perfumery, hygiene only incidentally"
4646002,COMÉRCIO ATACADISTA DE PRODUTOS DE HIGIENE PESSOAL,Limpeza / Higiene,compatible,
4647801,COMÉRCIO ATACADISTA DE ARTIGOS DE ESCRITÓRIO E DE PAPELARIA,Gráfico / Escritório,compatible,
4647802,"COMÉRCIO ATACADISTA DE LIVROS, JORNAIS E OUTRAS PUBLICAÇÕES",Gráfico / Escritório,check,"books and periodicals, not office supplies"
4649401,COMÉRCIO ATACADISTA DE EQUIPAMENTOS ELÉTRICOS DE USO PESSOAL E DOMÉSTICO,Elétrica,check,"household appliances, not installation material"
4649402,COMÉRCIO ATACADISTA DE APARELHOS ELETRÔNICOS DE USO PESSOAL E DOMÉSTICO,Informática / TI,check,consumer electronics
4649403,"COMÉRCIO ATACADISTA DE BICICLETAS, TRICICLOS E OUTROS VEÍCULOS RECREATIVOS",Esportes / Lazer,check,bicycles and recreational vehicles
4649404,COMÉRCIO ATACADISTA DE MÓVEIS E ARTIGOS DE COLCHOARIA,Mobiliário,compatible,
4649405,COMÉRCIO ATACADISTA DE ARTIGOS DE TAPEÇARIA; PERSIANAS E CORTINAS,Mobiliário,check,soft furnishings
4649406,"COMÉRCIO ATACADISTA DE LUSTRES, LUMINÁRIAS E ABAJURES",Elétrica,compatible,lighting
4649408,"COMÉRCIO ATACADISTA DE PRODUTOS DE HIGIENE, LIMPEZA E CONSERVAÇÃO DOMICILIAR",Limpeza / Higiene,compatible,
4649409,"COMÉRCIO ATACADISTA DE PRODUTOS DE HIGIENE, LIMPEZA E CONSERVAÇÃO DOMICILIAR, COM ATIVIDADE DE FRACIONAMENTO E ACONDICIONAMENTO ASSOCIADA",Limpeza / Higiene,compatible,
4651601,COMÉRCIO ATACADISTA DE EQUIPAMENTOS DE INFORMÁTICA,Informática / TI,compatible,
4651602,COMÉRCIO ATACADISTA DE SUPRIMENTOS PARA INFORMÁTICA,Informática / TI,compatible,
4652400,COMÉRCIO ATACADISTA DE COMPONENTES ELETRÔNICOS E EQUIPAMENTOS DE TELEFONIA E COMUNICAÇÃO,Informática / TI,check,electronic components and telecom equipment
4662100,"COMÉRCIO ATACADISTA DE MÁQUINAS, EQUIPAMENTOS PARA TERRAPLENAGEM, MINERAÇÃO E CONSTRUÇÃO; PARTES E PEÇAS",Construção / Hidráulica,check,"construction machinery, not materials"
4664800,"COMÉRCIO ATACADISTA DE MÁQUINAS, APARELHOS E EQUIPAMENTOS PARA USO ODONTO MÉDICO HOSPITALAR; PARTES E PEÇAS",Saúde / Hospitalar,compatible,
4669901,COMÉRCIO ATACADISTA DE BOMBAS E COMPRESSORES; PARTES E PEÇAS,Construção / Hidráulica,check,pumps and compressors
4671100,COMÉRCIO ATACADISTA DE MADEIRA E PRODUTOS DERIVADOS,Construção / Hidráulica,compatible,
4672900,COMÉRCIO ATACADISTA DE FERRAGENS E FERRAMENTAS,Construção / Hidráulica,check,hardware wholesalers usually also carry construction items
4672900,COMÉRCIO ATACADISTA DE FERRAGENS E FERRAMENTAS,Ferragens / Ferramentas,compatible,
4673700,COMÉRCIO ATACADISTA DE MATERIAL ELÉTRICO,Elétrica,compatible,
4674500,COMÉRCIO ATACADISTA DE CIMENTO,Construção / Hidráulica,compatible,
4679601,"COMÉRCIO ATACADISTA DE TINTAS, VERNIZES E SIMILARES",Construção / Hidráulica,compatible,
4679602,COMÉRCIO ATACADISTA DE MÁRMORES E GRANITOS,Construção / Hidráulica,compatible,
4679603,"COMÉRCIO ATACADISTA DE VIDROS, ESPELHOS E VITRAIS",Construção / Hidráulica,compatible,
4679604,COMÉRCIO ATACADISTA ESPECIALIZADO DE MATERIAIS DE CONSTRUÇÃO NÃO ESPECIFICADOS ANTERIORMENTE,Construção / Hidráulica,compatible,
4679699,COMÉRCIO ATACADISTA DE MATERIAIS DE CONSTRUÇÃO EM GERAL,Construção / Hidráulica,compatible,
4681801,"COMÉRCIO ATACADISTA DE ÁLCOOL CARBURANTE, BIODIESEL, GASOLINA E DEMAIS DERIVADOS DE PETRÓLEO, EXCETO LUBRIFICANTES, NÃO REALIZADO POR TRANSPORTADOR RETALHISTA (T.R.R.)",Veículos / Peças,compatible,fuels and lubricants
4681802,COMÉRCIO ATACADISTA DE COMBUSTÍVEIS REALIZADO POR TRANSPORTADOR RETALHISTA (T.R.R.),Veículos / Peças,compatible,fuels and lubricants
4681803,"COMÉRCIO ATACADISTA DE COMBUSTÍVEIS DE ORIGEM VEGETAL, EXCETO ÁLCOOL CARBURANTE",Veículos / Peças,compatible,fuels and lubricants
4681804,COMÉRCIO ATACADISTA DE COMBUSTÍVEIS DE ORIGEM MINERAL EM BRUTO,Veículos / Peças,compatible,fuels and lubricants
4681805,COMÉRCIO ATACADISTA DE LUBRIFICANTES,Veículos / Peças,compatible,fuels and lubricants
4685100,"COMÉRCIO ATACADISTA DE PRODUTOS SIDERÚRGICOS E METALÚRGICOS, EXCETO PARA CONSTRUÇÃO",Ferragens / Ferramentas,check,steel and metal products
4686901,COMÉRCIO ATACADISTA DE PAPEL E PAPELÃO EM BRUTO,Gráfico / Escritório,check,"paper and packaging in bulk, not office stationery"
4686902,COMÉRCIO ATACADISTA DE EMBALAGENS,Gráfico / Escritório,check,"paper and packaging in bulk, not office stationery"
4691500,"COMÉRCIO ATACADISTA DE MERCADORIAS EM GERAL, COM PREDOMINÂNCIA DE PRODUTOS ALIMENTÍCIOS",Alimentos,compatible,
4711301,"COMÉRCIO VAREJISTA DE MERCADORIAS EM GERAL, COM PREDOMINÂNCIA DE PRODUTOS ALIMENTÍCIOS HIPERMERCADOS",Alimentos,compatible,
4711301,"COMÉRCIO VAREJISTA DE MERCADORIAS EM GERAL, COM PREDOMINÂNCIA DE PRODUTOS ALIMENTÍCIOS HIPERMERCADOS",Limpeza / Higiene,check,supermarkets also carry cleaning and hygiene products
4711302,"COMÉRCIO VAREJISTA DE MERCADORIAS EM GERAL, COM PREDOMINÂNCIA DE PRODUTOS ALIMENTÍCIOS - SUPERMERCADOS",Alimentos,compatible,
4711302,"COMÉRCIO VAREJISTA DE MERCADORIAS EM GERAL, COM PREDOMINÂNCIA DE PRODUTOS ALIMENTÍCIOS - SUPERMERCADOS",Limpeza / Higiene,check,supermarkets also carry cleaning and hygiene products
4712100,"COMÉRCIO VAREJISTA DE MERCADORIAS EM GERAL, COM PREDOMINÂNCIA DE PRODUTOS ALIMENTÍCIOS - MINIMERCADOS, MERCEARIAS E ARMAZÉNS",Alimentos,compatible,
4712100,"COMÉRCIO VAREJISTA DE MERCADORIAS EM GERAL, COM PREDOMINÂNCIA DE PRODUTOS ALIMENTÍCIOS - MINIMERCADOS, MERCEARIAS E ARMAZÉNS",Limpeza / Higiene,check,minimarkets also carry cleaning and hygiene products
4721102,PADARIA E CONFEITARIA COM PREDOMINÂNCIA DE REVENDA,Alimentos,compatible,
4721103,COMÉRCIO VAREJISTA DE LATICÍNIOS E FRIOS,Alimentos,compatible,
4721104,"COMÉRCIO VAREJISTA DE DOCES, BALAS, BOMBONS E SEMELHANTES",Alimentos,check,confectionery only
4722901,COMÉRCIO VAREJISTA DE CARNES - AÇOUGUES,Alimentos,compatible,
4722902,PEIXARIA,Alimentos,compatible,
4723700,COMÉRCIO VAREJISTA DE BEBIDAS,Alimentos,check,beverages only; the segment is food
4724500,COMÉRCIO VAREJISTA DE HORTIFRUTIGRANJEIROS,Alimentos,compatible,
4729699,COMÉRCIO VAREJISTA DE PRODUTOS ALIMENTÍCIOS EM GERAL OU ESPECIALIZADO EM PRODUTOS ALIMENTÍCIOS NÃO ESPECIFICADOS ANTERIORMENTE,Alimentos,compatible,
4731800,COMÉRCIO VAREJISTA DE COMBUSTÍVEIS PARA VEÍCULOS AUTOMOTORES,Veículos / Peças,compatible,fuel
4732600,COMÉRCIO VAREJISTA DE LUBRIFICANTES,Veículos / Peças,compatible,lubricants
4741500,COMÉRCIO VAREJISTA DE TINTAS E MATERIAIS PARA PINTURA,Construção / Hidráulica,compatible,paint
4742300,COMÉRCIO VAREJISTA DE MATERIAL ELÉTRICO,Elétrica,compatible,
4743100,COMÉRCIO VAREJISTA DE VIDROS,Construção / Hidráulica,compatible,glass
4744001,COMÉRCIO VAREJISTA DE FERRAGENS E FERRAMENTAS,Construção / Hidráulica,check,hardware shops usually also carry construction items
4744001,COMÉRCIO VAREJISTA DE FERRAGENS E FERRAMENTAS,Ferragens / Ferramentas,compatible,
4744002,COMÉRCIO VAREJISTA DE MADEIRA E ARTEFATOS,Construção / Hidráulica,compatible,
4744003,COMÉRCIO VAREJISTA DE MATERIAIS HIDRÁULICOS,Construção / Hidráulica,compatible,plumbing
4744004,"COMÉRCIO VAREJISTA DE CAL, AREIA, PEDRA BRITADA, TIJOLOS E TELHAS",Construção / Hidráulica,compatible,
4744005,COMÉRCIO VAREJISTA DE MATERIAIS DE CONSTRUÇÃO NÃO ESPECIFICADOS ANTERIORMENTE,Construção / Hidráulica,compatible,
4744006,COMÉRCIO VAREJISTA DE PEDRAS PARA REVESTIMENTO,Construção / Hidráulica,compatible,
4744099,COMÉRCIO VAREJISTA DE MATERIAIS DE CONSTRUÇÃO EM GERAL,Construção / Hidráulica,compatible,
4744099,COMÉRCIO VAREJISTA DE MATERIAIS DE CONSTRUÇÃO EM GERAL,Elétrica,check,general builders' merchants usually also carry electrical material
4744099,COMÉRCIO VAREJISTA DE MATERIAIS DE CONSTRUÇÃO EM GERAL,Ferragens / Ferramentas,check,general builders' merchants usually also carry hardware
4751201,COMÉRCIO VAREJISTA ESPECIALIZADO DE EQUIPAMENTOS E SUPRIMENTOS DE INFORMÁTICA,Informática / TI,compatible,
4751201,COMÉRCIO VAREJISTA ESPECIALIZADO DE EQUIPAMENTOS E SUPRIMENTOS DE INFORMÁTICA,Software / Sistemas,check,computer shops often resell licences
4751202,RECARGA DE CARTUCHOS PARA EQUIPAMENTOS DE INFORMÁTICA,Informática / TI,compatible,toner and cartridge refilling
4752100,COMÉRCIO VAREJISTA ESPECIALIZADO DE EQUIPAMENTOS DE TELEFONIA E COMUNICAÇÃO,Informática / TI,check,telephony and communication equipment
4753900,COMÉRCIO VAREJISTA ESPECIALIZADO DE ELETRODOMÉSTICOS E EQUIPAMENTOS DE ÁUDIO E VÍDEO,Informática / TI,check,consumer audio/video; overlaps monitors and projectors
4754701,COMÉRCIO VAREJISTA DE MÓVEIS,Mobiliário,compatible,
4754702,COMÉRCIO VAREJISTA DE ARTIGOS DE COLCHOARIA,Mobiliário,compatible,mattresses
4754703,COMÉRCIO VAREJISTA DE ARTIGOS DE ILUMINAÇÃO,Elétrica,compatible,lighting
4755501,COMÉRCIO VAREJISTA DE TECIDOS,Vestuário / Uniformes,check,"fabric, not finished garments"
4757100,"COMÉRCIO VAREJISTA ESPECIALIZADO DE PEÇAS E ACESSÓRIOS PARA APARELHOS ELETROELETRÔNICOS PARA USO DOMÉSTICO, EXCETO INFORMÁTICA E COMUNICAÇÃO",Elétrica,check,parts for household electronics
4759801,"COMÉRCIO VAREJISTA DE ARTIGOS DE TAPEÇARIA, CORTINAS E PERSIANAS",Mobiliário,check,soft furnishings
4761001,COMÉRCIO VAREJISTA DE LIVROS,Gráfico / Escritório,check,"books, not office supplies"
4761002,COMÉRCIO VAREJISTA DE JORNAIS E REVISTAS,Gráfico / Escritório,check,"periodicals, not office supplies"
4761003,COMÉRCIO VAREJISTA DE ARTIGOS DE PAPELARIA,Gráfico / Escritório,compatible,stationery
4763601,COMÉRCIO VAREJISTA DE BRINQUEDOS E ARTIGOS RECREATIVOS,Esportes / Lazer,check,toys
4763602,COMÉRCIO VAREJISTA DE ARTIGOS ESPORTIVOS,Esportes / Lazer,compatible,
4763603,COMÉRCIO VAREJISTA DE BICICLETAS E TRICICLOS; PEÇAS E ACESSÓRIOS,Esportes / Lazer,check,bicycles
4763604,"COMÉRCIO VAREJISTA DE ARTIGOS DE CAÇA, PESCA E CAMPING",Esportes / Lazer,check,"hunting, fishing and camping"
4771701,"COMÉRCIO VAREJISTA DE PRODUTOS FARMACÊUTICOS, SEM MANIPULAÇÃO DE FÓRMULAS",Saúde / Hospitalar,compatible,
4771702,"COMÉRCIO VAREJISTA DE PRODUTOS FARMACÊUTICOS, COM MANIPULAÇÃO DE FÓRMULAS",Saúde / Hospitalar,compatible,
4771703,COMÉRCIO VAREJISTA DE PRODUTOS FARMACÊUTICOS HOMEOPÁTICOS,Saúde / Hospitalar,compatible,
4771704,COMÉRCIO VAREJISTA DE MEDICAMENTOS VETERINÁRIOS,Saúde / Hospitalar,check,veterinary medicines
4772500,"COMÉRCIO VAREJISTA DE COSMÉTICOS, PRODUTOS DE PERFUMARIA E DE HIGIENE PESSOAL",Limpeza / Higiene,check,mostly cosmetics and perfumery; hygiene is a minority
4773300,COMÉRCIO VAREJISTA DE ARTIGOS MÉDICOS E ORTOPÉDICOS,Saúde / Hospitalar,compatible,
4774100,COMÉRCIO VAREJISTA DE ARTIGOS DE ÓPTICA,Saúde / Hospitalar,check,optical goods
4781400,COMÉRCIO VAREJISTA DE ARTIGOS DO VESTUÁRIO E ACESSÓRIOS,Vestuário / Uniformes,compatible,
4782201,COMÉRCIO VAREJISTA DE CALÇADOS,Vestuário / Uniformes,compatible,footwear
4789005,COMÉRCIO VAREJISTA DE PRODUTOS SANEANTES DOMISSANITÁRIOS,Limpeza / Higiene,compatible,sanitising products
4789007,COMÉRCIO VAREJISTA DE EQUIPAMENTOS PARA ESCRITÓRIO,Gráfico / Escritório,compatible,office equipment
5611201,RESTAURANTES E SIMILARES,Alimentos,check,on-premises catering
5611203,"LANCHONETES, CASAS DE CHÁ, DE SUCOS E SIMILARES",Alimentos,check,on-premises catering
5611204,"BARES E OUTROS ESTABELECIMENTOS ESPECIALIZADOS EM SERVIR BEBIDAS, SEM ENTRETENIMENTO",Alimentos,check,on-premises catering
5611205,"BARES E OUTROS ESTABELECIMENTOS ESPECIALIZADOS EM SERVIR BEBIDAS, COM ENTRETENIMENTO",Alimentos,check,on-premises catering
5612100,SERVIÇOS AMBULANTES DE ALIMENTAÇÃO,Alimentos,check,street food
5620101,FORNECIMENTO DE ALIMENTOS PREPARADOS PREPONDERANTEMENTE PARA EMPRESAS,Alimentos,compatible,meal supply
5620102,SERVIÇOS DE ALIMENTAÇÃO PARA EVENTOS E RECEPÇÕES - BUFÊ,Alimentos,compatible,meal supply
5620103,CANTINAS - SERVIÇOS DE ALIMENTAÇÃO PRIVATIVOS,Alimentos,compatible,meal supply
5620104,FORNECIMENTO DE ALIMENTOS PREPARADOS PREPONDERANTEMENTE PARA CONSUMO DOMICILIAR,Alimentos,compatible,meal supply
5811500,EDIÇÃO DE LIVROS,Gráfico / Escritório,check,publishing without printing
5812301,EDIÇÃO DE JORNAIS DIÁRIOS,Gráfico / Escritório,check,publishing without printing
5812302,EDIÇÃO DE JORNAIS NÃO DIÁRIOS,Gráfico / Escritório,check,publishing without printing
5813100,EDIÇÃO DE REVISTAS,Gráfico / Escritório,check,publishing without printing
5819100,"EDIÇÃO DE CADASTROS, LISTAS E DE OUTROS PRODUTOS GRÁFICOS",Gráfico / Escritório,check,publishing without printing
5821200,EDIÇÃO INTEGRADA À IMPRESSÃO DE LIVROS,Gráfico / Escritório,compatible,publishing integrated with printing
5822101,EDIÇÃO INTEGRADA À IMPRESSÃO DE JORNAIS DIÁRIOS,Gráfico / Escritório,compatible,publishing integrated with printing
5822102,EDIÇÃO INTEGRADA À IMPRESSÃO DE JORNAIS NÃO DIÁRIOS,Gráfico / Escritório,compatible,publishing integrated with printing
5823900,EDIÇÃO INTEGRADA À IMPRESSÃO DE REVISTAS,Gráfico / Escritório,compatible,publishing integrated with printing
5829800,"EDIÇÃO INTEGRADA À IMPRESSÃO DE CADASTROS, LISTAS E DE OUTROS PRODUTOS GRÁFICOS",Gráfico / Escritório,compatible,publishing integrated with printing
6110801,SERVIÇOS DE TELEFONIA FIXA COMUTADA - STFC,Informática / TI,check,telecommunications service
6110802,SERVIÇOS DE REDES DE TRANSPORTES DE TELECOMUNICAÇÕES - SRTT,Informática / TI,check,telecommunications service
6110803,SERVIÇOS DE COMUNICAÇÃO MULTIMÍDIA - SCM,Informática / TI,check,telecommunications service
6110899,SERVIÇOS DE TELECOMUNICAÇÕES POR FIO NÃO ESPECIFICADOS ANTERIORMENTE,Informática / TI,check,telecommunications service
6120501,TELEFONIA MÓVEL CELULAR,Informática / TI,check,telecommunications service
6120502,SERVIÇO MÓVEL ESPECIALIZADO - SME,Informática / TI,check,telecommunications service
6120599,SERVIÇOS DE TELECOMUNICAÇÕES SEM FIO NÃO ESPECIFICADOS ANTERIORMENTE,Informática / TI,check,telecommunications service
6130200,TELECOMUNICAÇÕES POR SATÉLITE,Informática / TI,check,satellite telecommunications
6190601,PROVEDORES DE ACESSO ÀS REDES DE COMUNICAÇÕES,Informática / TI,check,internet access provision
6190602,PROVEDORES DE VOZ SOBRE PROTOCOLO INTERNET - VOIP,Informática / TI,check,internet access provision
6190699,OUTRAS ATIVIDADES DE TELECOMUNICAÇÕES NÃO ESPECIFICADAS ANTERIORMENTE,Informática / TI,check,internet access provision
6201501,DESENVOLVIMENTO DE PROGRAMAS DE COMPUTADOR SOB ENCOMENDA,Software / Sistemas,compatible,
6201502,WEB DESIGN,Software / Sistemas,compatible,
6202300,DESENVOLVIMENTO E LICENCIAMENTO DE PROGRAMAS DE COMPUTADOR CUSTOMIZÁVEIS,Software / Sistemas,compatible,
6203100,DESENVOLVIMENTO E LICENCIAMENTO DE PROGRAMAS DE COMPUTADOR NÃO CUSTOMIZÁVEIS,Software / Sistemas,compatible,
6204000,CONSULTORIA EM TECNOLOGIA DA INFORMAÇÃO,Informática / TI,check,IT consultancy
6204000,CONSULTORIA EM TECNOLOGIA DA INFORMAÇÃO,Software / Sistemas,check,IT consultancy
6209100,"SUPORTE TÉCNICO, MANUTENÇÃO E OUTROS SERVIÇOS EM TECNOLOGIA DA INFORMAÇÃO",Informática / TI,check,service provider in this field; segment tenders are mostly material purchases
6209100,"SUPORTE TÉCNICO, MANUTENÇÃO E OUTROS SERVIÇOS EM TECNOLOGIA DA INFORMAÇÃO",Software / Sistemas,compatible,IT services
6311900,"TRATAMENTO DE DADOS, PROVEDORES DE SERVIÇOS DE APLICAÇÃO E SERVIÇOS DE HOSPEDAGEM NA INTERNET",Software / Sistemas,compatible,hosting and application services
6319400,"PORTAIS, PROVEDORES DE CONTEÚDO E OUTROS SERVIÇOS DE INFORMAÇÃO NA INTERNET",Software / Sistemas,check,portals and content
6399200,OUTRAS ATIVIDADES DE PRESTAÇÃO DE SERVIÇOS DE INFORMAÇÃO NÃO ESPECIFICADAS ANTERIORMENTE,Software / Sistemas,check,other information services
7111100,SERVIÇOS DE ARQUITETURA,Construção / Hidráulica,check,architecture
7112000,SERVIÇOS DE ENGENHARIA,Construção / Hidráulica,compatible,engineering
7119701,"SERVIÇOS DE CARTOGRAFIA, TOPOGRAFIA E GEODÉSIA",Construção / Hidráulica,check,surveying
7119703,SERVIÇOS DE DESENHO TÉCNICO RELACIONADOS À ARQUITETURA E ENGENHARIA,Construção / Hidráulica,check,technical drawing
7119799,ATIVIDADES TÉCNICAS RELACIONADAS À ENGENHARIA E ARQUITETURA NÃO ESPECIFICADAS ANTERIORMENTE,Construção / Hidráulica,check,unspecified engineering and architecture services
7311400,AGÊNCIAS DE PUBLICIDADE,Gráfico / Escritório,check,advertising agency; may supply printed material
7319099,OUTRAS ATIVIDADES DE PUBLICIDADE NÃO ESPECIFICADAS ANTERIORMENTE,Gráfico / Escritório,check,may supply printed material
7410202,DESIGN DE INTERIORES,Mobiliário,check,interior design
7410299,ATIVIDADES DE DESIGN NÃO ESPECIFICADAS ANTERIORMENTE,Gráfico / Escritório,check,design services
7711000,LOCAÇÃO DE AUTOMÓVEIS SEM CONDUTOR,Veículos / Peças,compatible,vehicle rental
7719599,"LOCAÇÃO DE OUTROS MEIOS DE TRANSPORTE NÃO ESPECIFICADOS ANTERIORMENTE, SEM CONDUTOR",Veículos / Peças,check,hire of transport other than cars
7721700,ALUGUEL DE EQUIPAMENTOS RECREATIVOS E ESPORTIVOS,Esportes / Lazer,check,sports equipment hire
7729202,"ALUGUEL DE MÓVEIS, UTENSÍLIOS E APARELHOS DE USO DOMÉSTICO E PESSOAL; INSTRUMENTOS MUSICAIS",Mobiliário,check,furniture hire
7729203,ALUGUEL DE MATERIAL MÉDICO,Saúde / Hospitalar,check,medical equipment hire
7732201,"ALUGUEL DE MÁQUINAS E EQUIPAMENTOS PARA CONSTRUÇÃO SEM OPERADOR, EXCETO ANDAIMES",Construção / Hidráulica,check,construction equipment hire
7732202,ALUGUEL DE ANDAIMES,Construção / Hidráulica,check,scaffolding hire
7733100,ALUGUEL DE MÁQUINAS E EQUIPAMENTOS PARA ESCRITÓRIOS,Gráfico / Escritório,check,office equipment hire
7733100,ALUGUEL DE MÁQUINAS E EQUIPAMENTOS PARA ESCRITÓRIOS,Informática / TI,check,covers printer outsourcing
7739002,"ALUGUEL DE EQUIPAMENTOS CIENTÍFICOS, MÉDICOS E HOSPITALARES, SEM OPERADOR",Saúde / Hospitalar,check,medical and laboratory equipment hire
8011101,ATIVIDADES DE VIGILÂNCIA E SEGURANÇA PRIVADA,Segurança Eletrônica / CFTV,check,manned guarding rather than electronic security
8020001,ATIVIDADES DE MONITORAMENTO DE SISTEMAS DE SEGURANÇA ELETRÔNICO,Segurança Eletrônica / CFTV,compatible,electronic security monitoring
8020002,OUTRAS ATIVIDADES DE SERVIÇOS DE SEGURANÇA,Segurança Eletrônica / CFTV,check,unspecified security services; may not be electronic
8111700,"SERVIÇOS COMBINADOS PARA APOIO A EDIFÍCIOS, EXCETO CONDOMÍNIOS PREDIAIS",Limpeza / Higiene,check,combined building support services
8121400,LIMPEZA EM PRÉDIOS E EM DOMICÍLIOS,Limpeza / Higiene,check,service provider in this field; segment tenders are mostly material purchases
8122200,IMUNIZAÇÃO E CONTROLE DE PRAGAS URBANAS,Limpeza / Higiene,check,pest control
8129000,ATIVIDADES DE LIMPEZA NÃO ESPECIFICADAS ANTERIORMENTE,Limpeza / Higiene,check,service provider in this field; segment tenders are mostly material purchases
8211300,SERVIÇOS COMBINADOS DE ESCRITÓRIO E APOIO ADMINISTRATIVO,Gráfico / Escritório,check,office support services
8219901,FOTOCÓPIAS,Gráfico / Escritório,compatible,photocopying
8219999,PREPARAÇÃO DE DOCUMENTOS E SERVIÇOS ESPECIALIZADOS DE APOIO ADMINISTRATIVO NÃO ESPECIFICADOS ANTERIORMENTE,Gráfico / Escritório,check,document preparation
8299703,"SERVIÇOS DE GRAVAÇÃO DE CARIMBOS, EXCETO CONFECÇÃO",Gráfico / Escritório,check,rubber stamps
8610101,"ATIVIDADES DE ATENDIMENTO HOSPITALAR, EXCETO PRONTO SOCORRO E UNIDADES PARA ATENDIMENTO A URGÊNCIAS",Saúde / Hospitalar,check,service provider in this field; segment tenders are mostly material purchases
8610102,ATIVIDADES DE ATENDIMENTO EM PRONTO SOCORRO E UNIDADES HOSPITALARES PARA ATENDIMENTO A URGÊNCIAS,Saúde / Hospitalar,check,service provider in this field; segment tenders are mostly material purchases
8621601,UTI MÓVEL,Saúde / Hospitalar,check,service provider in this field; segment tenders are mostly material purchases
8621602,"SERVIÇOS MÓVEIS DE ATENDIMENTO A URGÊNCIAS, EXCETO POR UTI MÓVEL",Saúde / Hospitalar,check,service provider in this field; segment tenders are mostly material purchases
8622400,"SERVIÇOS DE REMOÇÃO DE PACIENTES, EXCETO OS SERVIÇOS MÓVEIS DE ATENDIMENTO A URGÊNCIAS",Saúde / Hospitalar,check,service provider in this field; segment tenders are mostly material purchases
8630501,ATIVIDADE MÉDICA AMBULATORIAL COM RECURSOS PARA REALIZAÇÃO DE PROCEDIMENTOS CIRÚRGICOS,Saúde / Hospitalar,check,service provider in this field; segment tenders are mostly material purchases
8630502,ATIVIDADE MÉDICA AMBULATORIAL COM RECURSOS PARA REALIZAÇÃO DE EXAMES COMPLEMENTARES,Saúde / Hospitalar,check,service provider in this field; segment tenders are mostly material purchases
8630503,ATIVIDADE MÉDICA AMBULATORIAL RESTRITA A CONSULTAS,Saúde / Hospitalar,check,service provider in this field; segment tenders are mostly material purchases
8630504,ATIVIDADE ODONTOLÓGICA,Saúde / Hospitalar,check,service provider in this field; segment tenders are mostly material purchases
8630506,SERVIÇOS DE VACINAÇÃO E IMUNIZAÇÃO HUMANA,Saúde / Hospitalar,check,service provider in this field; segment tenders are mostly material purchases
8630507,ATIVIDADES DE REPRODUÇÃO HUMANA ASSISTIDA,Saúde / Hospitalar,check,service provider in this field; segment tenders are mostly material purchases
8630599,ATIVIDADES DE ATENÇÃO AMBULATORIAL NÃO ESPECIFICADAS ANTERIORMENTE,Saúde / Hospitalar,check,service provider in this field; segment tenders are mostly material purchases
8640201,LABORATÓRIOS DE ANATOMIA PATOLÓGICA E CITOLÓGICA,Saúde / Hospitalar,check,service provider in this field; segment tenders are mostly material purchases
8640202,LABORATÓRIOS CLÍNICOS,Saúde / Hospitalar,check,service provider in this field; segment tenders are mostly material purchases
8640203,SERVIÇOS DE DIÁLISE E NEFROLOGIA,Saúde / Hospitalar,check,service provider in this field; segment tenders are mostly material purchases
8640204,SERVIÇOS DE TOMOGRAFIA,Saúde / Hospitalar,check,service provider in this field; segment tenders are mostly material purchases
8640205,"SERVIÇOS DE DIAGNÓSTICO POR IMAGEM COM USO DE RADIAÇÃO IONIZANTE, EXCETO TOMOGRAFIA",Saúde / Hospitalar,check,service provider in this field; segment tenders are mostly material purchases
8640206,SERVIÇOS DE RESSONÂNCIA MAGNÉTICA,Saúde / Hospitalar,check,service provider in this field; segment tenders are mostly material purchases
8640207,"SERVIÇOS DE DIAGNÓSTICO POR IMAGEM SEM USO DE RADIAÇÃO IONIZANTE, EXCETO RESSONÂNCIA MAGNÉTICA",Saúde / Hospitalar,check,service provider in this field; segment tenders are mostly material purchases
8640208,"SERVIÇOS DE DIAGNÓSTICO POR REGISTRO GRÁFICO - ECG, EEG E OUTROS EXAMES ANÁLOGOS",Saúde / Hospitalar,check,service provider in this field; segment tenders are mostly material purchases
8640209,SERVIÇOS DE DIAGNÓSTICO POR MÉTODOS ÓPTICOS - ENDOSCOPIA E OUTROS EXAMES ANÁLOGOS,Saúde / Hospitalar,check,service provider in this field; segment tenders are mostly material purchases
8640210,SERVIÇOS DE QUIMIOTERAPIA,Saúde / Hospitalar,check,service provider in this field; segment tenders are mostly material purchases
8640211,SERVIÇOS DE RADIOTERAPIA,Saúde / Hospitalar,check,service provider in this field; segment tenders are mostly material purchases
8640212,SERVIÇOS DE HEMOTERAPIA,Saúde / Hospitalar,check,service provider in this field; segment tenders are mostly material purchases
8640213,SERVIÇOS DE LITOTRIPCIA,Saúde / Hospitalar,check,service provider in this field; segment tenders are mostly material purchases
8640214,SERVIÇOS DE BANCOS DE CÉLULAS E TECIDOS HUMANOS,Saúde / Hospitalar,check,service provider in this field; segment tenders are mostly material purchases
8640299,ATIVIDADES DE SERVIÇOS DE COMPLEMENTAÇÃO DIAGNÓSTICA E TERAPÊUTICA NÃO ESPECIFICADAS ANTERIORMENTE,Saúde / Hospitalar,check,service provider in this field; segment tenders are mostly material purchases
8650001,ATIVIDADES DE ENFERMAGEM,Saúde / Hospitalar,check,service provider in this field; segment tenders are mostly material purchases
8650002,ATIVIDADES DE PROFISSIONAIS DA NUTRIÇÃO,Saúde / Hospitalar,check,service provider in this field; segment tenders are mostly material purchases
8650003,ATIVIDADES DE PSICOLOGIA E PSICANÁLISE,Saúde / Hospitalar,check,service provider in this field; segment tenders are mostly material purchases
8650004,ATIVIDADES DE FISIOTERAPIA,Saúde / Hospitalar,check,service provider in this field; segment tenders are mostly material purchases
8650005,ATIVIDADES DE TERAPIA OCUPACIONAL,Saúde / Hospitalar,check,service provider in this field; segment tenders are mostly material purchases
8650006,ATIVIDADES DE FONOAUDIOLOGIA,Saúde / Hospitalar,check,service provider in this field; segment tenders are mostly material purchases
8650007,ATIVIDADES DE TERAPIA DE NUTRIÇÃO ENTERAL E PARENTERAL,Saúde / Hospitalar,check,service provider in this field; segment tenders are mostly material purchases
8650099,ATIVIDADES DE PROFISSIONAIS DA ÁREA DE SAÚDE NÃO ESPECIFICADAS ANTERIORMENTE,Saúde / Hospitalar,check,service provider in this field; segment tenders are mostly material purchases
8660700,ATIVIDADES DE APOIO À GESTÃO DE SAÚDE,Saúde / Hospitalar,check,service provider in this field; segment tenders are mostly material purchases
8690901,ATIVIDADES DE PRÁTICAS INTEGRATIVAS E COMPLEMENTARES EM SAÚDE HUMANA,Saúde / Hospitalar,check,service provider in this field; segment tenders are mostly material purchases
8690902,ATIVIDADES DE BANCO DE LEITE HUMANO,Saúde / Hospitalar,check,service provider in this field; segment tenders are mostly material purchases
8690903,ATIVIDADES DE ACUPUNTURA,Saúde / Hospitalar,check,service provider in this field; segment tenders are mostly material purchases
8690904,ATIVIDADES DE PODOLOGIA,Saúde / Hospitalar,check,service provider in this field; segment tenders are mostly material purchases
8690999,OUTRAS ATIVIDADES DE ATENÇÃO À SAÚDE HUMANA NÃO ESPECIFICADAS ANTERIORMENTE,Saúde / Hospitalar,check,service provider in this field; segment tenders are mostly material purchases
8711501,CLÍNICAS E RESIDÊNCIAS GERIÁTRICAS,Saúde / Hospitalar,check,service provider in this field; segment tenders are mostly material purchases
8711502,INSTITUIÇÕES DE LONGA PERMANÊNCIA PARA IDOSOS,Saúde / Hospitalar,check,service provider in this field; segment tenders are mostly material purchases
8711503,"ATIVIDADES DE ASSISTÊNCIA A DEFICIENTES FÍSICOS, IMUNODEPRIMIDOS E CONVALESCENTES",Saúde / Hospitalar,check,service provider in this field; segment tenders are mostly material purchases
8711504,CENTROS DE APOIO A PACIENTES COM CÂNCER E COM AIDS,Saúde / Hospitalar,check,service provider in this field; segment tenders are mostly material purchases
8711505,CONDOMÍNIOS RESIDENCIAIS PARA IDOSOS,Saúde / Hospitalar,check,service provider in this field; segment tenders are mostly material purchases
8712300,ATIVIDADES DE FORNECIMENTO DE INFRAESTRUTURA DE APOIO E ASSISTÊNCIA A PACIENTE NO DOMICÍLIO,Saúde / Hospitalar,check,service provider in this field; segment tenders are mostly material purchases
8720401,ATIVIDADES DE CENTROS DE ASSISTÊNCIA PSICOSSOCIAL,Saúde / Hospitalar,check,service provider in this field; segment tenders are mostly material purchases
8720499,"ATIVIDADES DE ASSISTÊNCIA PSICOSSOCIAL E À SAÚDE A PORTADORES DE DISTÚRBIOS PSÍQUICOS, DEFICIÊNCIA MENTAL E DEPENDÊNCIA QUÍMICA E GRUPOS SIMILARES NÃO ESPECIFICADAS ANTERIORMENTE",Saúde / Hospitalar,check,service provider in this field; segment tenders are mostly material purchases
8730101,ORFANATOS,Saúde / Hospitalar,check,service provider in this field; segment tenders are mostly material purchases
8730102,ALBERGUES ASSISTENCIAIS,Saúde / Hospitalar,check,service provider in this field; segment tenders are mostly material purchases
8730199,ATIVIDADES DE ASSISTÊNCIA SOCIAL PRESTADAS EM RESIDÊNCIAS COLETIVAS E PARTICULARES NÃO ESPECIFICADAS ANTERIORMENTE,Saúde / Hospitalar,check,service provider in this field; segment tenders are mostly material purchases
9511800,REPARAÇÃO E MANUTENÇÃO DE COMPUTADORES E DE EQUIPAMENTOS PERIFÉRICOS,Informática / TI,check,service provider in this field; segment tenders are mostly material purchases
9512600,REPARAÇÃO E MANUTENÇÃO DE EQUIPAMENTOS DE COMUNICAÇÃO,Informática / TI,check,service provider in this field; segment tenders are mostly material purchases
9529105,REPARAÇÃO DE ARTIGOS DO MOBILIÁRIO,Mobiliário,check,service provider in this field; segment tenders are mostly material purchases
